{"cameraMode":{"drawMode":0,"name":"Shaded","section":"Shading Mode"},"sceneLighting":true,"audioPlay":false,"sceneViewState":{"showFog":true,"showMaterialUpdate":false,"showSkybox":true,"showFlares":true,"showImageEffects":true,"showParticleSystems":true},"in2DMode":false,"pivot":{"x":-14.710000038146973,"y":1.9600000381469727,"z":0.0},"rotation":{"x":-0.005718259606510401,"y":0.9840589761734009,"z":-0.17481152713298798,"w":-0.032189272344112399},"size":4.041658401489258,"orthographic":false}