{"cameraMode":{"drawMode":0,"name":"Shaded","section":"Shading Mode"},"sceneLighting":true,"audioPlay":false,"sceneViewState":{"showFog":true,"showMaterialUpdate":false,"showSkybox":true,"showFlares":true,"showImageEffects":true,"showParticleSystems":true},"in2DMode":false,"pivot":{"x":0.5104961395263672,"y":0.7119702100753784,"z":4.936500549316406},"rotation":{"x":-0.032338060438632968,"y":0.6737121939659119,"z":-0.02953391522169113,"w":-0.737695038318634},"size":22.0,"orthographic":false}